frame_id,anomaly_score
frame_01395,0.015268541524537604
frame_00057,0.01367379756770537
frame_00058,0.011179823328696714
frame_00059,0.010657521428160122
frame_00064,0.010409095575394267
frame_00888,0.009349146755622373
frame_00061,0.009279055431162364
frame_01400,0.009241136728480814
frame_00063,0.00910094046481924
frame_00062,0.00892897366614176
frame_01344,0.007320417110871946
frame_01406,0.0069412950035544485
frame_01282,0.005000523139688018
frame_01346,0.004787809503062679
frame_01343,0.004783159669221604
frame_00515,0.004335495910570031
frame_01419,0.0041997221048380995
frame_01002,0.004041597363116711
frame_00060,0.0037516845482774563
frame_01418,0.003513680384719553
frame_00068,0.0032144040959077858
frame_01192,0.0015253435968176632
frame_01424,0.001283227722613911
frame_02026,0.0012041038234228418
frame_00179,0.0009258082240534149
frame_01378,0.0006453756957391921
frame_01376,0.0006223864615461094
frame_01399,-0.00013223029156872457
frame_01394,-0.0002859840547086434
frame_00067,-0.00028996189514673976
frame_01375,-0.0004009142560127965
frame_01380,-0.0010063232221352858
frame_01285,-0.0011650701568655109
frame_00539,-0.0017962797041144452
frame_01377,-0.002028569940077052
frame_00132,-0.0021844188965485234
frame_01348,-0.002883619400016635
frame_00129,-0.0033441764251797013
frame_01340,-0.0035317550761737038
frame_01398,-0.0037105054847105245
frame_01351,-0.003728317467900588
frame_01387,-0.0038032585968860166
frame_00054,-0.0038274564274730083
frame_00066,-0.004364165917629836
frame_01384,-0.00444136111789778
frame_01417,-0.004460456585359651
frame_01284,-0.00449242414078721
frame_01392,-0.004768586188080848
frame_00887,-0.005425869769630054
frame_01374,-0.005858961042354671
frame_01453,-0.005934823811990508
frame_01397,-0.006199040049643723
frame_01405,-0.006494171945631511
frame_01396,-0.006714733152593466
frame_01494,-0.006723304859330981
frame_01197,-0.006915581886386579
frame_01410,-0.007108851060281585
frame_01734,-0.007377408062053448
frame_01421,-0.007521115052331273
frame_01439,-0.007897607187683453
frame_01307,-0.00799951699349749
frame_01347,-0.008010476750814177
frame_01350,-0.008346136832302176
frame_01372,-0.008455744103655849
frame_00130,-0.008491588903522973
frame_01909,-0.008731976740866343
frame_01338,-0.00894244820041662
frame_01193,-0.009004302938396602
frame_00035,-0.009244524000863008
frame_01233,-0.009429704590457721
frame_01486,-0.009462803336833248
frame_01508,-0.009584302890487728
frame_00056,-0.009999225836298753
frame_01404,-0.010040152958211257
frame_01379,-0.010379986179322842
frame_01393,-0.010612877878363902
frame_00033,-0.010935405117986019
frame_01345,-0.011004925490828488
frame_01446,-0.011005429393551258
frame_01420,-0.011172246705848876
frame_00134,-0.011320809052482228
frame_00485,-0.011707929733053124
frame_01342,-0.011887324769744079
frame_00889,-0.012118689823879036
frame_01382,-0.012134455493660268
frame_01391,-0.012175223016393066
frame_01729,-0.012189793114160352
frame_01882,-0.012517132080948623
frame_01934,-0.012594372916227059
frame_01401,-0.012666503408825913
frame_00133,-0.012763253977075284
frame_01850,-0.012950681682300735
frame_01936,-0.012977341386838592
frame_01935,-0.013075385165621012
frame_02025,-0.013109072593720017
frame_01402,-0.01315388175150356
frame_00401,-0.01324154064917027
frame_01198,-0.01326633231839669
frame_01732,-0.013294050702062299
frame_01386,-0.013520009222529938
frame_00538,-0.01352927547948668
frame_01940,-0.013614032641412532
frame_00320,-0.013874506994839886
frame_01272,-0.014223536717310192
frame_01487,-0.014517932406809542
frame_01526,-0.015086427335533947
frame_01490,-0.015342308259901016
frame_01440,-0.015420026021726763
frame_01283,-0.015578443775418727
frame_00550,-0.01558810127661231
frame_00865,-0.01573608687277045
frame_00567,-0.015996487393006076
frame_00131,-0.016198642855200396
frame_00410,-0.016275088225939705
frame_00029,-0.016626028962296924
frame_01070,-0.01672811577043276
frame_01196,-0.01675737469294397
frame_01337,-0.016757389374954967
frame_00065,-0.01686069197173018
frame_01383,-0.01714883409782192
frame_00489,-0.017158290286190314
frame_01496,-0.01728969594933666
frame_00034,-0.017385079689913596
frame_00031,-0.017583631445425296
frame_01409,-0.017607752108618646
frame_00400,-0.01761763740158767
frame_01445,-0.017642385841638908
frame_01341,-0.017725701114394032
frame_00949,-0.017789372024343886
frame_01868,-0.01780704848772402
frame_00055,-0.01785204730448242
frame_01495,-0.018232890162387216
frame_01852,-0.018500336247360638
frame_00882,-0.0186383918341248
frame_01403,-0.018761529653078424
frame_01912,-0.01886790586396858
frame_00028,-0.018877766637606486
frame_01069,-0.019526030643247927
frame_01218,-0.019584114326887836
frame_01388,-0.01965961555547885
frame_01195,-0.01979874811773319
frame_00513,-0.01982971227365299
frame_01881,-0.019897471393548416
frame_01353,-0.020105779927223122
frame_00305,-0.020283744380528212
frame_00360,-0.020327868832294205
frame_01415,-0.02044759242605315
frame_00032,-0.02045980745698117
frame_00552,-0.020533217055748787
frame_01230,-0.020573716466431802
frame_01305,-0.020858599880382522
frame_01441,-0.0208653492948091
frame_01933,-0.020884604140293084
frame_01739,-0.020906131704652497
frame_00541,-0.02094201899725001
frame_01281,-0.021012168332053438
frame_01505,-0.021094592036565496
frame_00390,-0.021158525100031966
frame_01280,-0.0213449010321074
frame_01459,-0.021407804095334937
frame_01390,-0.021630249775194343
frame_01373,-0.02187457130048226
frame_00321,-0.022057523311759752
frame_01932,-0.02213393680471648
frame_01425,-0.022135337976285308
frame_01865,-0.022260089335243538
frame_01928,-0.022343954348584105
frame_01389,-0.02246010038066204
frame_00520,-0.02249040172216077
frame_01385,-0.022524975446164885
frame_01416,-0.02270121434900302
frame_01458,-0.022711649805128964
frame_01413,-0.022738509617963698
frame_02000,-0.02277980178747896
frame_00087,-0.02287778856574757
frame_01349,-0.022947180425795966
frame_01411,-0.023066556888740986
frame_00362,-0.023070650223071643
frame_01456,-0.02329310391426992
frame_01339,-0.02335143286573743
frame_00030,-0.0237754958214193
frame_00178,-0.023859845753757825
frame_00399,-0.02407367440358449
frame_01908,-0.024207913612796728
frame_00381,-0.024350325937595174
frame_00549,-0.024355910570884043
frame_00389,-0.024422844900293006
frame_01381,-0.024455959791050974
frame_01306,-0.02454115910293564
frame_00412,-0.024557768022848092
frame_01443,-0.02460330178804876
frame_00537,-0.02466454303916854
frame_01867,-0.024832401229018752
frame_00027,-0.024938837368687072
frame_00514,-0.025074523421990846
frame_01469,-0.02508949897705537
frame_01454,-0.02511473954951038
frame_01491,-0.025140230657889895
frame_01231,-0.025156164456989816
frame_00551,-0.02522481955822803
frame_01849,-0.02532474702316162
frame_00392,-0.025340937066993474
frame_00490,-0.025655295253446897
frame_02046,-0.025698914855700195
frame_01776,-0.025714456974302136
frame_00391,-0.02574022226629491
frame_01864,-0.0257703064205842
frame_01242,-0.025781314168403013
frame_01270,-0.0258280432310542
frame_01191,-0.025934772925042204
frame_00555,-0.026036530963045812
frame_00084,-0.026127647091173045
frame_01733,-0.026144132265529918
frame_01927,-0.02617394462583006
frame_01204,-0.026360332377509232
frame_01485,-0.026413183519827854
frame_01422,-0.026573157136624503
frame_01227,-0.0266208210200784
frame_00052,-0.026783852615015202
frame_01742,-0.026794966809428722
frame_00536,-0.026812824044948003
frame_01068,-0.026884183710528753
frame_01236,-0.026978851447868102
frame_01364,-0.027005276483063112
frame_01371,-0.02711938094914018
frame_01432,-0.027121710584816883
frame_00053,-0.027417117903062227
frame_01747,-0.027468773716974648
frame_01939,-0.027516303404297837
frame_01224,-0.02755009922365581
frame_00529,-0.027603571951345995
frame_00409,-0.027703310596046915
frame_00534,-0.027858173437871836
frame_00373,-0.027917982265575236
frame_00587,-0.027995379691683142
frame_02039,-0.028043420872733482
frame_00408,-0.028103864288234692
frame_01310,-0.02813296624538769
frame_02007,-0.028144672008520277
frame_01503,-0.02827256987203247
frame_01354,-0.02831662011204278
frame_01915,-0.028326100655806097
frame_01745,-0.028418753279624287
frame_01407,-0.028490585655997436
frame_00304,-0.028536593570430313
frame_00871,-0.028567204267796353
frame_00374,-0.02859292230935756
frame_01962,-0.028609846609970957
frame_01778,-0.028827002141577796
frame_00372,-0.02889441271144705
frame_01201,-0.028909219495083127
frame_01866,-0.02906919742664671
frame_00709,-0.029096509146569527
frame_00716,-0.029202889344456417
frame_01237,-0.029213988325904716
frame_01190,-0.0292676424899439
frame_01423,-0.029311687545265863
frame_01311,-0.02951466315568768
frame_01206,-0.029655376191845495
frame_01442,-0.029729979479213964
frame_01493,-0.029732373625943498
frame_00707,-0.029744451593847865
frame_00488,-0.029765870522495463
frame_01071,-0.029768664157120373
frame_00085,-0.029799897384042817
frame_01492,-0.02985524083499541
frame_00024,-0.029909794616225338
frame_00585,-0.02996879803224689
frame_01740,-0.029972362587345758
frame_00371,-0.029990547850490157
frame_01199,-0.0300597513790124
frame_00706,-0.030261785675267383
frame_00874,-0.030309648176609028
frame_01455,-0.0304579730816254
frame_00038,-0.03046335348204987
frame_00363,-0.03057344609711915
frame_01938,-0.030579607260555475
frame_00388,-0.030750284089235247
frame_01525,-0.030910708326206293
frame_00037,-0.03105948544754039
frame_01862,-0.03107219348033341
frame_01907,-0.031138953863781016
frame_01361,-0.03126149958133151
frame_01273,-0.03140638821848579
frame_01821,-0.031496867786599214
frame_00516,-0.031579743996044574
frame_01687,-0.03164044005802197
frame_00405,-0.031663224255861266
frame_01730,-0.03179676630936046
frame_01208,-0.031853631226617996
frame_01412,-0.031961357711308924
frame_01262,-0.032023768488183835
frame_00394,-0.03204726867499347
frame_00548,-0.032091468210949714
frame_01228,-0.03220963888864298
frame_00086,-0.032284169550117314
frame_01003,-0.03231100003112258
frame_01357,-0.03243152967146934
frame_01188,-0.03243416660210263
frame_00703,-0.03252143519886014
frame_01221,-0.03252420194502331
frame_01202,-0.03276783804038885
frame_00886,-0.0327855585392246
frame_00500,-0.03283396223768009
frame_01355,-0.03296881712863775
frame_00379,-0.032986790162300994
frame_01870,-0.03311802620495102
frame_01216,-0.033170145355626734
frame_01457,-0.033240051292970973
frame_00735,-0.03336803600671251
frame_00135,-0.03338090938593147
frame_01435,-0.033680148295571255
frame_01362,-0.03368768004298295
frame_01279,-0.03374255083156663
frame_00306,-0.033751728674705384
frame_01330,-0.03403203758903506
frame_01746,-0.03408112587952916
frame_01225,-0.03410702749546013
frame_01963,-0.03418290358360332
frame_00082,-0.03421398551044591
frame_01264,-0.03430160382651648
frame_00530,-0.034410283241623985
frame_00605,-0.03443911032047903
frame_01359,-0.034566701328402116
frame_01741,-0.03466003431600867
frame_00702,-0.034690322188282885
frame_00430,-0.034701569600756765
frame_01414,-0.03472670136722339
frame_01352,-0.03473964778493166
frame_00884,-0.03493459328917953
frame_00565,-0.03504293426756139
frame_01743,-0.03506379012328359
frame_00413,-0.03506963545715325
frame_00377,-0.035193584273585765
frame_00473,-0.03522356747198069
frame_01358,-0.035226087479485746
frame_01360,-0.035306275935282405
frame_00036,-0.035410764563765074
frame_00708,-0.03557944464058799
frame_01498,-0.03559652472297303
frame_00385,-0.03568180485019712
frame_01967,-0.0357238779504947
frame_01869,-0.03573089941434626
frame_00051,-0.035846851710622574
frame_00543,-0.03590060750932067
frame_01876,-0.0359153586200297
frame_01226,-0.036047808280255667
frame_00136,-0.036079919915794734
frame_01784,-0.03634333923871674
frame_01883,-0.03638122717003456
frame_01292,-0.03643538559215903
frame_00987,-0.036446263472886264
frame_01633,-0.03645086976382722
frame_01200,-0.03646689525156954
frame_01801,-0.03655464425746824
frame_02044,-0.036579676421565344
frame_00433,-0.036612355780954564
frame_01408,-0.03670087043279441
frame_01265,-0.0367055421943005
frame_00380,-0.036723315864841066
frame_01779,-0.03678618280495016
frame_01675,-0.03684471975842174
frame_00881,-0.036962752863336557
frame_01937,-0.03697732983715479
frame_00393,-0.03700269883285279
frame_00737,-0.03706757987955861
frame_00382,-0.03706902967398107
frame_01269,-0.03712257966493743
frame_01488,-0.037132362379462824
frame_00093,-0.037166254109128605
frame_01268,-0.03717167776121988
frame_01974,-0.037350354031940314
frame_00462,-0.0373857468180786
frame_01931,-0.03742636061097332
frame_00319,-0.03747436551214017
frame_01793,-0.03763461541036456
frame_01731,-0.03768565028167509
frame_00383,-0.03770386458677272
frame_00705,-0.037904124804051975
frame_01861,-0.03801118571188289
frame_01735,-0.038082050669520195
frame_01811,-0.03808737476690299
frame_00302,-0.038093281463458806
frame_01370,-0.03818458513367512
frame_00479,-0.03818708614082961
frame_01863,-0.0382352391348898
frame_01527,-0.03827512126246485
frame_01438,-0.038292912693194514
frame_00885,-0.03830313193000767
frame_01549,-0.03831688069504713
frame_01489,-0.03837144729105779
frame_00883,-0.038398581392581455
frame_01235,-0.038415854350627554
frame_00307,-0.03851522675128799
frame_00470,-0.03852277268651921
frame_01906,-0.03859644692145142
frame_00411,-0.038638997491909965
frame_00718,-0.03865331417047574
frame_00901,-0.03867327800044129
frame_01460,-0.03886450223912136
frame_00435,-0.038899686485659724
frame_01278,-0.038961369179594085
frame_01913,-0.038992592961350936
frame_01830,-0.039007759974545475
frame_01905,-0.03900996471588747
frame_00952,-0.03904463267347402
frame_01855,-0.03904664043399381
frame_01775,-0.0390751156610778
frame_01860,-0.03916026816973933
frame_01433,-0.03926374897574869
frame_00442,-0.03928207020313823
frame_01824,-0.03948309482668744
frame_00103,-0.039807352465372925
frame_00303,-0.03981341981381559
frame_01854,-0.03988667174145055
frame_00364,-0.03994251980092994
frame_00398,-0.03995873653679599
frame_01444,-0.039967947678088644
frame_01880,-0.039996272233078445
frame_01964,-0.04009674188359075
frame_01910,-0.0400985845505864
frame_00451,-0.04010599802083814
frame_00471,-0.040129631484065675
frame_01368,-0.040168604686929954
frame_01727,-0.040241737385332044
frame_00704,-0.040258483996222116
frame_00483,-0.04044448797609568
frame_00120,-0.04045577450085258
frame_01841,-0.04051985631072702
frame_01112,-0.040532941147568835
frame_00446,-0.04060137550210585
frame_00376,-0.0406336388578325
frame_00861,-0.04065637212903189
frame_01848,-0.040797924900003724
frame_00501,-0.04081172037544134
frame_00128,-0.04082714202803356
frame_01966,-0.040838126093614535
frame_00404,-0.04084229759382152
frame_01110,-0.04086662603983143
frame_00734,-0.040905188707710816
frame_00147,-0.04100557193327703
frame_00419,-0.04103892789889396
frame_00472,-0.041113229611203894
frame_00369,-0.04116123476055766
frame_01872,-0.04117520688469384
frame_01482,-0.04118838670108915
frame_01067,-0.041203129126171245
frame_01773,-0.04124887931781107
frame_01506,-0.041284536073237954
frame_00506,-0.04134892414367325
frame_00416,-0.04143967141363358
frame_01924,-0.04145758604825689
frame_00348,-0.04152293328323953
frame_02001,-0.041668860851972855
frame_00464,-0.04169312782457013
frame_00469,-0.04174482007327257
frame_01879,-0.04189134476020878
frame_00421,-0.04194396590691862
frame_01009,-0.041959677342388535
frame_01369,-0.04197796439749063
frame_00608,-0.0421006992796058
frame_00387,-0.04230068535349707
frame_01328,-0.04233277646210637
frame_00289,-0.04236464877386126
frame_01500,-0.04237711461497523
frame_01363,-0.04242056596671706
frame_01189,-0.04242632840311872
frame_01483,-0.042523559108620435
frame_02052,-0.04254409304491308
frame_01309,-0.04265954011019074
frame_00519,-0.04274679189237146
frame_01209,-0.042751654614897494
frame_01327,-0.04277681508239173
frame_02036,-0.04283666991820939
frame_00494,-0.04289356761110541
frame_00407,-0.042936182030309133
frame_01507,-0.042942177270692605
frame_00448,-0.04296452631716147
frame_00875,-0.04301976805425761
frame_01329,-0.04311986429049319
frame_01810,-0.043220005491429625
frame_00511,-0.043252438597476184
frame_00576,-0.0432647400966612
frame_00528,-0.04331004781309061
frame_02021,-0.04352616193296943
frame_00406,-0.04365899768665893
frame_00481,-0.043701212395567235
frame_01777,-0.043758945212253986
frame_01798,-0.04382363021270608
frame_00953,-0.043827015387258195
frame_00367,-0.04385547632763109
frame_01334,-0.043862060082471066
frame_01331,-0.04397252519243533
frame_00467,-0.04397532787478381
frame_01066,-0.043999757429119324
frame_01501,-0.04402411467639761
frame_00478,-0.04408161868598448
frame_01332,-0.04414089965872997
frame_01356,-0.04416834214609927
frame_01253,-0.04417121893390652
frame_00278,-0.04424907287500068
frame_00048,-0.04427979064991411
frame_01802,-0.04441888338115363
frame_00475,-0.04455505827543593
frame_01316,-0.04458683752921333
frame_00512,-0.04461019232912161
frame_00527,-0.04462061903148817
frame_01012,-0.04462928734582683
frame_00465,-0.044647337784535224
frame_00566,-0.04466907492803884
frame_01011,-0.04473874280559176
frame_00365,-0.04483150112501855
frame_00427,-0.044873879074934286
frame_00177,-0.044931709037874856
frame_01736,-0.04499746655898196
frame_01333,-0.04501011644129116
frame_01205,-0.04504476255631401
frame_02051,-0.04505665025852318
frame_01504,-0.0451455366927907
frame_01274,-0.04519394303939567
frame_00474,-0.04522816089398923
frame_01366,-0.04523804269324477
frame_01254,-0.045308307546254145
frame_01315,-0.045435705939333826
frame_00461,-0.04544072897033241
frame_00368,-0.04550731344635306
frame_01792,-0.04553126135682062
frame_01087,-0.0455496648300881
frame_00083,-0.04555157333993659
frame_00023,-0.045579300291587355
frame_01232,-0.0456004503335119
frame_01988,-0.04565627721671922
frame_00476,-0.04571477582953842
frame_01873,-0.04584503140689855
frame_01367,-0.045880906824158796
frame_00434,-0.04594912470881313
frame_01263,-0.04597015083632022
frame_01829,-0.04601175722961037
frame_01749,-0.04603965508101138
frame_01616,-0.046091237648691996
frame_01430,-0.046096781533314424
frame_01436,-0.04613262715595068
frame_01006,-0.04616874813749844
frame_00458,-0.04617492477276053
frame_00026,-0.04619490163279599
frame_00459,-0.046231919939511756
frame_00443,-0.04638196606675127
frame_00111,-0.04640801449409271
frame_01586,-0.04641263152007724
frame_01465,-0.04646745691720022
frame_01961,-0.04646786719588658
frame_01335,-0.04654255551074693
frame_00436,-0.046568788138473705
frame_00879,-0.04667262857763482
frame_01820,-0.04674472176728117
frame_00463,-0.04688157609877086
frame_01203,-0.04691449905059436
frame_01497,-0.046968019346864065
frame_02010,-0.047122811651908625
frame_01584,-0.047151848746562475
frame_01271,-0.047173554968003295
frame_00895,-0.04725016619274608
frame_00504,-0.04729380643665182
frame_01207,-0.047313522106489425
frame_01738,-0.04742646563871694
frame_00287,-0.0474986092189309
frame_01917,-0.04754191315523376
frame_01005,-0.04754543239946446
frame_00507,-0.04761522914213001
frame_00361,-0.047619044796986976
frame_00437,-0.047683352946573054
frame_01082,-0.04770882173625235
frame_00717,-0.047737122225754824
frame_01088,-0.047803825005199085
frame_00444,-0.04786596378364916
frame_01077,-0.047887506545300884
frame_01831,-0.047921359514336126
frame_00966,-0.04797105823859399
frame_01642,-0.0480137333831227
frame_00814,-0.04805663315666531
frame_00510,-0.04816589029129903
frame_00575,-0.04821460312329956
frame_00454,-0.048216315713501934
frame_01757,-0.04823422583314635
frame_00069,-0.04823807274315506
frame_01266,-0.04828993691551842
frame_00477,-0.04831833664902674
frame_00468,-0.04833942502090388
frame_00095,-0.04834126287582019
frame_02041,-0.04834515803582601
frame_01229,-0.04841174983945562
frame_01926,-0.04845078669584041
frame_00403,-0.0484940236088196
frame_00503,-0.0484986718007549
frame_01096,-0.04851011092187618
frame_01806,-0.04854479672946033
frame_01222,-0.04857535137430302
frame_00431,-0.0486022538032273
frame_00466,-0.048624540040593744
frame_00449,-0.04864560892767522
frame_01999,-0.048664839310618935
frame_00482,-0.04867769520169768
frame_00736,-0.04883868988312173
frame_00890,-0.04885153483456384
frame_01259,-0.048944569490349754
frame_01426,-0.048956367122783395
frame_01079,-0.048957058348051696
frame_01119,-0.04895835312122376
frame_02032,-0.04900723674899049
frame_00976,-0.04906428550079789
frame_01998,-0.04914775001227528
frame_00903,-0.04917467375159301
frame_01325,-0.04921451643383418
frame_01789,-0.049268490036684875
frame_00880,-0.04926857776688931
frame_01434,-0.0492746560082814
frame_00902,-0.04929210122113081
frame_01878,-0.049356967495378434
frame_00370,-0.04935946676238673
frame_01000,-0.0494032916923236
frame_00893,-0.04941762479051137
frame_00982,-0.04949945390613786
frame_01291,-0.04952455270785866
frame_01914,-0.04957598035891253
frame_01308,-0.04959924765654322
frame_00460,-0.04965097579741157
frame_01478,-0.04967621797021188
frame_02045,-0.04969553845722435
frame_01857,-0.04970232833915267
frame_00531,-0.04973158914688958
frame_01814,-0.049768609751032755
frame_00609,-0.04979977563564597
frame_01577,-0.04982625029982635
frame_01875,-0.04983832964471191
frame_01093,-0.04987716012428106
frame_02049,-0.04994426385500372
frame_00375,-0.050032791727070536
frame_00279,-0.05007007154663451
frame_00971,-0.0501055532469995
frame_01211,-0.050114980151169164
frame_01092,-0.05014850092663542
frame_00584,-0.050191405876163
frame_00480,-0.05022963755097176
frame_01323,-0.05025126250416123
frame_01818,-0.050303549420354976
frame_01874,-0.05031931889376734
frame_01858,-0.05036488242354037
frame_00447,-0.0504016196898569
frame_01194,-0.050426261869116695
frame_01039,-0.0504276158862319
frame_01929,-0.05051547521756422
frame_01247,-0.050543969954557844
frame_00415,-0.050546044098225607
frame_01091,-0.050610151950190085
frame_01772,-0.05066385967436793
frame_01176,-0.050698310502038546
frame_01985,-0.05072022326669712
frame_00395,-0.05081760201242719
frame_00386,-0.05081973591018646
frame_01780,-0.05083935792155897
frame_00486,-0.05088401590511232
frame_01567,-0.050894168808454654
frame_01702,-0.050901351251160465
frame_01336,-0.05090867602397964
frame_01095,-0.05091944715260749
frame_01219,-0.05093038945294365
frame_00866,-0.050993638187307844
frame_00862,-0.05103844505140648
frame_01853,-0.051041961383079204
frame_02023,-0.05105296129963427
frame_01187,-0.05122147546589173
frame_01127,-0.05129947034079485
frame_01968,-0.051318369779728035
frame_01703,-0.051381651222851044
frame_00378,-0.05138903315602927
frame_01303,-0.05142438512003
frame_00174,-0.05145432227911356
frame_00863,-0.05151442645060056
frame_00978,-0.051532130283991506
frame_02050,-0.051535283661249376
frame_01724,-0.051539411158859016
frame_00432,-0.05166315246954839
frame_00508,-0.05180003407130307
frame_01185,-0.05181377703414963
frame_00175,-0.051817845053128975
frame_01884,-0.05181877226593318
frame_01728,-0.05185195119419633
frame_01686,-0.05186456434905856
frame_01090,-0.05188414206513442
frame_00455,-0.05191878010355694
frame_01324,-0.05194336721607623
frame_01130,-0.05194694436865993
frame_00664,-0.05200228233756704
frame_01083,-0.05204950043470624
frame_01297,-0.0521172606551083
frame_02033,-0.05214232091227
frame_01774,-0.05217766297890797
frame_00954,-0.05218335535029489
frame_00041,-0.052268866609853415
frame_02056,-0.05227975587506495
frame_01437,-0.05239440867385303
frame_00487,-0.05240444157680374
frame_01078,-0.05247990475586678
frame_00353,-0.052548368731353434
frame_00977,-0.05257930087142365
frame_00452,-0.05260669893653819
frame_00873,-0.052623114962333795
frame_00366,-0.05266954954454145
frame_01085,-0.052708167840763154
frame_01530,-0.05272176488643643
frame_01795,-0.05275512497954976
frame_00076,-0.05281975180262738
frame_00092,-0.05299305300254903
frame_00094,-0.05310735080419138
frame_00429,-0.05314768237358841
frame_01080,-0.05315132866331357
frame_00526,-0.05316728731998527
frame_01578,-0.053207322372225196
frame_01076,-0.05323487643458141
frame_00980,-0.053241180938292
frame_01447,-0.05335668877939115
frame_00499,-0.053462729296295086
frame_00384,-0.053492217540972775
frame_00438,-0.053586609622206405
frame_00119,-0.053627480594329646
frame_00728,-0.05368298601536586
frame_01877,-0.05369241583775486
frame_00648,-0.053693524522496816
frame_00450,-0.05369990960388654
frame_01008,-0.05377542711784927
frame_01832,-0.05380757922986873
frame_00155,-0.05384496318643106
frame_00724,-0.053887367140823705
frame_01249,-0.053985821333801254
frame_01429,-0.054062947522327376
frame_00230,-0.05409483173612545
frame_01807,-0.05410644642073559
frame_01833,-0.05412439754986553
frame_00606,-0.054167141510664873
frame_00456,-0.05416861073051432
frame_00457,-0.05417227987712464
frame_01217,-0.05425480044557729
frame_01871,-0.054323512004464
frame_01797,-0.05450517773434427
frame_00071,-0.054529384711760054
frame_01277,-0.054540055243067376
frame_01481,-0.05456778290639597
frame_01796,-0.05465919237448891
frame_01566,-0.05466460371308063
frame_01980,-0.054823969071517764
frame_01014,-0.05482689508836691
frame_01081,-0.054869746720859425
frame_00402,-0.05488161810441722
frame_00878,-0.05493843730256692
frame_01828,-0.05497606000259547
frame_00546,-0.054992873154152855
frame_00602,-0.0551648653218203
frame_01241,-0.05516767011581053
frame_00284,-0.05517238342813968
frame_00330,-0.05520685136091741
frame_01007,-0.055214692553834877
frame_01215,-0.055316749265118315
frame_00581,-0.055333127648942326
frame_01314,-0.05535582168454495
frame_01856,-0.05538883688249269
frame_00867,-0.05543384256029843
frame_00017,-0.055445245760049
frame_00358,-0.05544730932739239
frame_00981,-0.05547128687252845
frame_00088,-0.05547611225172683
frame_00453,-0.05550341508215445
frame_01851,-0.0555371419998239
frame_00077,-0.05555678056496899
frame_00899,-0.05556575175952566
frame_00518,-0.05556704031893944
frame_01117,-0.05557459188924002
frame_01001,-0.05566105570260638
frame_01930,-0.05577426008184533
frame_01615,-0.05577912582029737
frame_00127,-0.055785348631807063
frame_00733,-0.055813774133985694
frame_02047,-0.055925703037402186
frame_00359,-0.055937814262891905
frame_00979,-0.0560357158050781
frame_01223,-0.05606574395632935
frame_01004,-0.056105893441032284
frame_01250,-0.05616335033421965
frame_00599,-0.05619500389644638
frame_01084,-0.05620308775920574
frame_00019,-0.056247311938086464
frame_01125,-0.05626991305264256
frame_01248,-0.056279426669792354
frame_01075,-0.05628133789989731
frame_01475,-0.05630555551801858
frame_01484,-0.05630964855770543
frame_00484,-0.05633677424674893
frame_01840,-0.05642291679921069
frame_01790,-0.056426473043133585
frame_00869,-0.05666867633768269
frame_01086,-0.05673235865723597
frame_01452,-0.05674745462494368
frame_01845,-0.05676069770969888
frame_00523,-0.05676999533990268
frame_00297,-0.05684453433968062
frame_00232,-0.05687172921363709
frame_00502,-0.056874821137488485
frame_01788,-0.056876031950394756
frame_00607,-0.056898120919446404
frame_01681,-0.05689894639168663
frame_00710,-0.05693033549881643
frame_02034,-0.0569413026266638
frame_01846,-0.056958914169760344
frame_01244,-0.057019622399835435
frame_00091,-0.0570445703633512
frame_00970,-0.05709040564361978
frame_00311,-0.05712207540168779
frame_01618,-0.05717335084373776
frame_01885,-0.05718970578905769
frame_01925,-0.05719944153937523
frame_00039,-0.05720246630258463
frame_00967,-0.057206077955463674
frame_00441,-0.05722705081464419
frame_00589,-0.05726185211164009
frame_00089,-0.05730909635789838
frame_00090,-0.057343197731327566
frame_00675,-0.0573797966232073
frame_00346,-0.057411599017732684
frame_01220,-0.0574765704556357
frame_01575,-0.05750840078075564
frame_00610,-0.0575514817985886
frame_00604,-0.057555234122994736
frame_01234,-0.05756978366165394
frame_00040,-0.05759936825082562
frame_00426,-0.05763650795321079
frame_00569,-0.05768357858590101
frame_01099,-0.05779090284350075
frame_01312,-0.05783104683097329
frame_01755,-0.05785192431837721
frame_01319,-0.05785630301998923
frame_01461,-0.05787228204794831
frame_01737,-0.05787403609806813
frame_00146,-0.05788492940897455
frame_01722,-0.05793898250202456
frame_02017,-0.05796192696861929
frame_01701,-0.05796936928717977
frame_01805,-0.05797857406155177
frame_00864,-0.05799020068992672
frame_00445,-0.05799620570749092
frame_01725,-0.05800924114432526
frame_01916,-0.05801985456024866
frame_00540,-0.058059168538648676
frame_00428,-0.0580919862830484
frame_01751,-0.05811381912263314
frame_01555,-0.058118476453685064
frame_01673,-0.058176604014482325
frame_01243,-0.05818734571060008
frame_00560,-0.0581970090812276
frame_01240,-0.058283761887259034
frame_01804,-0.05829997042302815
frame_01989,-0.05835526980799427
frame_01094,-0.05838905726455351
frame_00892,-0.058389912766166674
frame_01823,-0.058457332966900866
frame_01183,-0.058457358058905784
frame_01073,-0.05845797068108588
frame_00663,-0.05847300123272592
frame_01302,-0.058481305315281173
frame_00547,-0.058481787548717745
frame_00522,-0.058529467458514395
frame_02037,-0.05856525831485443
frame_01859,-0.058591351440876405
frame_01286,-0.058681687181347975
frame_00247,-0.058736004713628664
frame_00418,-0.05874584116684667
frame_01030,-0.05880940244889121
frame_01326,-0.05884549088078944
frame_01276,-0.05885662419266113
frame_00975,-0.058925187609080276
frame_00509,-0.05895295198590783
frame_00081,-0.05895548708558512
frame_01715,-0.0589704142319753
frame_01365,-0.059007612127956244
frame_01074,-0.059023191227781935
frame_00596,-0.059040676375095635
frame_01847,-0.0590704743126339
frame_01815,-0.05912614011674533
frame_00577,-0.05913646399576833
frame_01691,-0.05919290126345095
frame_01089,-0.05932776339538498
frame_00973,-0.05937020417136779
frame_01808,-0.05939296054150356
frame_02002,-0.05939417811255615
frame_02055,-0.05940974783775915
frame_01210,-0.05948304377441477
frame_01589,-0.05948514212273592
frame_01903,-0.05948628217687518
frame_00544,-0.05952486604193502
frame_00730,-0.059526953808197
frame_00739,-0.05964837957214436
frame_01256,-0.05969013991718586
frame_01123,-0.05969181173787913
frame_01298,-0.059692748671778983
frame_01097,-0.05972647307102208
frame_00074,-0.05973600832029119
frame_01996,-0.05976038601632783
frame_00603,-0.05977867622045785
frame_00107,-0.059796525045250626
frame_00102,-0.059853473461117856
frame_01524,-0.05986799455103231
frame_01894,-0.05989069861038254
frame_01519,-0.05996062198753227
frame_00397,-0.05997557874212989
frame_01255,-0.06003527340685305
frame_01245,-0.06005655994586229
frame_00521,-0.06006234474448563
frame_02005,-0.060084075533281656
frame_00813,-0.060179307366605705
frame_00745,-0.060202124031683346
frame_01803,-0.06020243792320967
frame_01812,-0.06023281292848465
frame_00649,-0.06024080725493525
frame_01251,-0.060251461676624374
frame_00016,-0.06029790629100018
frame_00722,-0.06032674132050475
frame_01431,-0.06039094740246065
frame_01515,-0.06041515425056848
frame_01705,-0.06042157727549191
frame_02054,-0.06042343113650833
frame_01301,-0.060458926608063346
frame_01767,-0.06046896149655756
frame_00492,-0.060497570134344036
frame_00414,-0.06051335857714141
frame_01065,-0.060518335444713245
frame_02019,-0.06059022965052696
frame_01184,-0.060641423593221444
frame_01072,-0.0606466041865546
frame_01252,-0.06068344197149256
frame_00050,-0.06079392123750321
frame_01898,-0.06083934927791684
frame_02029,-0.06084486990396609
frame_00984,-0.060845334470926216
frame_00524,-0.06085397572642376
frame_01622,-0.06090351363326324
frame_01010,-0.06094502170011645
frame_00990,-0.06096317420619907
frame_01682,-0.060997018449574336
frame_01541,-0.061017270656178846
frame_00042,-0.06104629414698731
frame_01919,-0.06118191607186968
frame_00586,-0.06118244116558791
frame_01015,-0.06124469771614238
frame_00674,-0.0612562060078069
frame_01304,-0.06127554981927846
frame_01523,-0.06133344566273974
frame_01322,-0.06135069110149316
frame_01013,-0.06137131814712388
frame_01479,-0.061387007423976236
frame_00877,-0.061396122431483235
frame_01045,-0.06151079573213741
frame_01649,-0.061533139813004345
frame_01685,-0.0615839195337099
frame_00277,-0.061588421132836246
frame_01261,-0.061656115712777515
frame_01697,-0.06171962051918073
frame_01644,-0.0618372316571586
frame_01993,-0.06187055248378026
frame_01064,-0.061889182512532004
frame_01690,-0.061955561719544305
frame_01114,-0.06195659224197109
frame_01899,-0.06208940842970806
frame_00997,-0.06210177026721153
frame_01451,-0.06221718730480258
frame_00729,-0.06223962486105289
frame_00774,-0.06224548903976196
frame_01628,-0.062261529086383494
frame_00556,-0.06233466772909896
frame_00876,-0.06233939503694541
frame_00118,-0.06238192833988404
frame_01448,-0.062382146668997274
frame_00983,-0.062403664807775816
frame_00310,-0.06240605633325591
frame_01126,-0.06242122360091862
frame_01464,-0.062489223074301936
frame_01638,-0.062506814175955
frame_01509,-0.06251394733371551
frame_00780,-0.06259665577611961
frame_02038,-0.06260086298277479
frame_02035,-0.06260333301527482
frame_00679,-0.06260346933169203
frame_01321,-0.06263117861156242
frame_01626,-0.06266381022801937
frame_00642,-0.0626849978086802
frame_01177,-0.06270108084913295
frame_00562,-0.06277365246625555
frame_01124,-0.06279751624386559
frame_00986,-0.06280909389456896
frame_00355,-0.06286204140496021
frame_00830,-0.06286977424398493
frame_02009,-0.06288237501460547
frame_00137,-0.06294149612920813
frame_01267,-0.06296594608320816
frame_02053,-0.0629865903197373
frame_01668,-0.06307845502225912
frame_00601,-0.06309172601343399
frame_01948,-0.06309702645403742
frame_00809,-0.06311674342637513
frame_01028,-0.0631377999688627
frame_01923,-0.06327369732730576
frame_01970,-0.06328036708638979
frame_00676,-0.06330510969497583
frame_00043,-0.06331032468803405
frame_00592,-0.06332942884343529
frame_00117,-0.06333068376875539
frame_01904,-0.0633460420615018
frame_00347,-0.06338319213208671
frame_01296,-0.063393513086211
frame_00951,-0.06340586345915383
frame_00322,-0.06342003882628272
frame_01614,-0.06344594895577366
frame_01706,-0.06346999512643625
frame_01976,-0.06355547473465734
frame_01040,-0.06358408538113941
frame_02048,-0.06361506421714169
frame_00647,-0.06364887493385091
frame_01122,-0.06369137053226287
frame_00075,-0.06378473346111269
frame_00323,-0.06379369361584497
frame_01213,-0.06381054913686834
frame_01699,-0.06384427947441579
frame_01809,-0.06390032386852046
frame_01593,-0.06390390262861728
frame_01610,-0.06390848936481658
frame_01819,-0.06391974664942551
frame_00719,-0.06392248298064851
frame_01825,-0.0639304767073618
frame_01786,-0.06396597839405671
frame_01300,-0.06398841113054227
frame_00261,-0.06408352704623632
frame_00396,-0.06408465860976054
frame_00896,-0.0640930645271196
frame_01611,-0.06415402921226887
frame_00756,-0.06417247928597275
frame_00731,-0.06420595217894276
frame_02016,-0.06422271652088091
frame_00126,-0.06434029752666054
frame_00773,-0.06434853343552766
frame_01717,-0.06440736563804034
frame_01969,-0.06440873010434145
frame_00962,-0.06442820456174803
frame_00626,-0.0644561899421427
frame_01449,-0.0644665829137196
frame_00721,-0.06449350188432568
frame_01587,-0.06451074746994945
frame_00848,-0.06476379760761247
frame_00670,-0.06479952169075665
frame_00354,-0.06481952827989523
frame_00532,-0.06487549350285132
frame_00315,-0.06488323942822433
frame_00921,-0.06488765582389577
frame_00283,-0.06489684225052872
frame_00906,-0.06492029102735908
frame_01480,-0.06495898927564536
frame_01959,-0.06496955736903104
frame_01596,-0.06497933813078416
frame_01748,-0.06500960855448534
frame_00741,-0.06502345406213539
frame_00650,-0.06507957258807945
frame_01062,-0.0651014590341421
frame_01559,-0.06514490780266402
frame_00241,-0.06521117171109897
frame_01674,-0.06522321378189055
frame_00974,-0.06530921096084313
frame_00955,-0.06531234828553495
frame_00622,-0.06533572383361541
frame_00727,-0.06537513281267593
frame_00326,-0.0653982322115223
frame_00999,-0.06542596766840653
frame_00994,-0.06544956686408471
frame_00860,-0.06548422021635886
frame_00900,-0.06549200064098054
frame_01545,-0.065494581857307
frame_01540,-0.06558038882375972
frame_01101,-0.06559746459421373
frame_00720,-0.0655992596353675
frame_00022,-0.06561718441861347
frame_01287,-0.06561832195830064
frame_01246,-0.06565191912201984
frame_00045,-0.0656675608811409
frame_00898,-0.06567086471120342
frame_00807,-0.0656874206149507
frame_01911,-0.06569116361989352
frame_00101,-0.06570408278889356
frame_00505,-0.06573105912982974
frame_00324,-0.06573765063422177
frame_00172,-0.06576444665774389
frame_01639,-0.06579036316071957
frame_01785,-0.06581792847491152
frame_01627,-0.06582714860620614
frame_00740,-0.06583700555196592
frame_01547,-0.06585385102688429
frame_01120,-0.06585850603144155
frame_00723,-0.06586623905184424
frame_02042,-0.06586784870124196
frame_00439,-0.06587445160459343
frame_00497,-0.06589822364544895
frame_01900,-0.06593718900166068
frame_01942,-0.06597076475152375
frame_01744,-0.06601385097320972
frame_00423,-0.0660998438706959
frame_00316,-0.06614143403870026
frame_01997,-0.06614390546163451
frame_00328,-0.06619802146870407
frame_01710,-0.06623520463166271
frame_00298,-0.06624012185715528
frame_01643,-0.06624177979392448
frame_01695,-0.06626407923248706
frame_01131,-0.06627627191944258
frame_00619,-0.06627970379054243
frame_00757,-0.0663287207780256
frame_01683,-0.06634056182096137
frame_01128,-0.06635961854195999
frame_01212,-0.06637441577521319
frame_01612,-0.06642182046702666
frame_01943,-0.06643687162500567
frame_01834,-0.06645814343493572
frame_01427,-0.06649957099609421
frame_00422,-0.0665215845643945
frame_00726,-0.06656823062623057
frame_01920,-0.06661684325266276
frame_01771,-0.06668658239254582
frame_01535,-0.06669356255761932
frame_00651,-0.06674666241750948
frame_01835,-0.0667510771424113
frame_00991,-0.06677542743561216
frame_00352,-0.06678209996099888
frame_00517,-0.06681333692528157
frame_01502,-0.06687441249692544
frame_00351,-0.06688437878447678
frame_00154,-0.06693207039190313
frame_01585,-0.06699534701238441
frame_01918,-0.06703518663171737
frame_00105,-0.06703614424304843
frame_01895,-0.06707966809148436
frame_00235,-0.06709520433773203
frame_01043,-0.06712122412483928
frame_00988,-0.06713126323293839
frame_01822,-0.06713629009920113
frame_00618,-0.06715673028542302
frame_00104,-0.06723397551980448
frame_00652,-0.06724706715286438
frame_00598,-0.06727563241627771
frame_00751,-0.0673184079069124
frame_00313,-0.06732993587056962
frame_01992,-0.06734604730065635
frame_01521,-0.06734638081914968
frame_00985,-0.06736966118744969
frame_01679,-0.067375976022433
frame_01769,-0.06737940892219696
frame_00858,-0.06738445379888863
frame_01041,-0.06739537445383953
frame_00817,-0.06739587902268829
frame_01624,-0.06740245036151365
frame_00725,-0.06745498088281243
frame_00021,-0.06746244409246971
frame_00314,-0.06750939731963418
frame_01172,-0.06753805296251658
frame_00995,-0.06755002508383401
frame_01463,-0.06760034191397096
frame_01843,-0.0676086414772279
frame_01762,-0.06763661709032198
frame_01562,-0.06764025782275329
frame_01450,-0.06773328354427077
frame_01528,-0.06773847324682208
frame_01044,-0.06777849201276204
frame_01890,-0.06782051077274698
frame_01921,-0.06785168350316029
frame_00611,-0.06785942699389802
frame_00525,-0.06787559944105792
frame_00318,-0.06787840185106347
frame_00420,-0.06791159474079755
frame_01670,-0.06793300510075484
frame_01827,-0.0679409611474957
frame_01121,-0.06794758186990324
frame_00826,-0.06794845406963285
frame_01576,-0.06798094900715096
frame_01186,-0.0680058721875027
frame_00847,-0.0680088334043708
frame_01664,-0.06804257803299568
frame_00665,-0.06805598719789252
frame_00646,-0.06805849247872736
frame_00229,-0.06812844412772429
frame_01947,-0.06817390812706592
frame_00868,-0.0681781690188406
frame_01551,-0.06821385068210756
frame_01714,-0.06822550196906169
frame_00417,-0.06823700845821451
frame_01750,-0.06825032154263078
frame_00440,-0.06828524505122707
frame_01634,-0.06831861085110202
frame_00113,-0.0683469720837534
frame_01313,-0.06842321137946344
frame_01671,-0.06844260478917169
frame_01693,-0.06845294123074458
frame_00308,-0.06853106106593931
frame_00312,-0.0685316592299714
frame_01042,-0.06854079136342833
frame_00597,-0.06855305799171435
frame_00425,-0.06856785942847449
frame_00236,-0.06858156478719146
frame_00309,-0.06858515068368898
frame_00044,-0.06863340484774166
frame_00632,-0.06866990974918902
frame_00579,-0.06884262968208776
frame_01428,-0.06885879332999073
frame_01035,-0.0688618363962793
frame_01531,-0.06887137486189032
frame_02014,-0.06889046598973453
frame_00046,-0.06890179614735886
frame_00288,-0.0689455391666538
frame_00533,-0.06895266630982733
frame_01978,-0.06896177199381548
frame_01754,-0.06896797546361422
frame_00182,-0.06900164160029126
frame_01990,-0.06900896412906515
frame_02006,-0.06903986450145971
frame_01462,-0.06905722637389905
frame_01922,-0.06906054462939393
frame_00025,-0.06908750549969356
frame_00317,-0.06912364289488876
frame_00073,-0.06929646111857801
frame_00631,-0.06931612191029896
frame_02040,-0.0693779715156882
frame_01650,-0.06940224029945496
frame_01239,-0.06940719604203249
frame_00047,-0.06942825573082195
frame_00325,-0.06944443109304277
frame_00658,-0.06944633993471638
frame_01038,-0.0694657440866811
frame_01761,-0.06950835888046247
frame_01753,-0.0695154575428979
frame_00683,-0.06953724205165412
frame_01288,-0.06958149995980306
frame_01726,-0.06962089883890676
frame_00926,-0.0696469620943399
frame_00274,-0.0696862584105768
frame_01569,-0.06969611428416556
frame_00659,-0.06969960372842149
frame_02022,-0.06974847928938244
frame_01641,-0.06978575907481638
frame_01972,-0.06979115584416773
frame_00653,-0.06980280752069873
frame_00894,-0.06980537395402286
frame_01563,-0.06984022445296423
frame_01046,-0.0698621476932752
frame_00333,-0.06987309972789729
frame_01538,-0.06987393835970673
frame_00748,-0.06991098108463756
frame_01646,-0.06991657655827332
frame_01720,-0.06993916506230818
frame_00595,-0.06998824646357227
frame_02024,-0.07000988876941511
frame_01031,-0.07008822288137262
frame_00356,-0.07009495858889342
frame_01694,-0.07010467860642561
frame_00644,-0.07011047734000392
frame_00625,-0.0701143284491833
frame_00654,-0.07012902365499618
frame_01887,-0.0701370630301334
frame_00327,-0.0701462861056254
frame_00233,-0.0702342138326138
frame_00176,-0.07023926733404634
frame_01595,-0.07026990971946795
frame_01564,-0.0703051200820154
frame_01893,-0.07034198944782344
frame_00072,-0.07035504556559569
frame_00701,-0.07037661396844958
frame_00633,-0.07041464991425339
frame_01238,-0.07041665742137038
frame_01320,-0.0704492079351613
frame_00640,-0.07050639018955618
frame_00627,-0.07053031872502585
frame_00635,-0.07053858903744764
frame_01653,-0.07056833073419061
frame_00628,-0.07057203351374552
frame_01599,-0.07058031898883732
frame_00620,-0.07060232850077097
frame_01293,-0.0706805286650864
frame_01033,-0.07069164420301266
frame_00020,-0.0707136530948776
frame_01115,-0.07074558863807018
frame_01839,-0.07075356366538854
frame_00818,-0.0707892740493476
frame_01965,-0.07083586726614627
frame_00545,-0.0708376812294974
frame_00645,-0.07085420106263879
frame_02020,-0.07087357869752231
frame_01713,-0.07098155919597121
frame_00080,-0.07100549951329099
frame_02030,-0.0710345844463322
frame_01656,-0.07108783808092084
frame_00273,-0.07108887272387393
frame_00285,-0.07115523379822264
frame_01175,-0.07116553492968519
frame_01275,-0.07117464542857549
frame_00763,-0.07117610893074833
frame_01510,-0.07118061813771975
frame_01625,-0.07120284954741157
frame_01836,-0.07122092945496666
frame_01723,-0.07122202359603641
frame_01971,-0.07124513804833332
frame_01950,-0.0712587625672968
frame_00746,-0.07127156232007043
frame_00152,-0.07128821634012861
frame_00747,-0.07129824455735256
frame_00742,-0.07133604711594016
frame_00766,-0.07137676950936889
frame_00815,-0.07138777658224299
frame_00564,-0.0715375877992
frame_01991,-0.07155993471218247
frame_00935,-0.07156177769668465
frame_01016,-0.07159929687149214
frame_00960,-0.07160729046529202
frame_01036,-0.07162815678003143
frame_00329,-0.07163147768069461
frame_00614,-0.07164496620513694
frame_01661,-0.0716973764384981
frame_01468,-0.07170351214308385
frame_01721,-0.07171279428708249
frame_00904,-0.0717163223077869
frame_00857,-0.07173668852118209
frame_01037,-0.07174152051656896
frame_01111,-0.07174757607359827
frame_01570,-0.07174945262186955
frame_01317,-0.07175197807600575
frame_00495,-0.07178181257497934
frame_00810,-0.0717888534937941
frame_01986,-0.07178910889472895
frame_01558,-0.07180212538164776
frame_00778,-0.07180314074581012
frame_01838,-0.07183475056945443
frame_00070,-0.07186019612322597
frame_02028,-0.07187474260531473
frame_00272,-0.07188453774673004
frame_00749,-0.07192719715855622
frame_01816,-0.07194131489972666
frame_01473,-0.07194790402139323
frame_00641,-0.07195817543626531
frame_01708,-0.07196883854354769
frame_00345,-0.07212899056143068
frame_01700,-0.07215342235455591
frame_00667,-0.07215747565753416
frame_01129,-0.07220410618258805
frame_01548,-0.07220837966317939
frame_01896,-0.07223430426461153
frame_01600,-0.07224261152736461
frame_01474,-0.07233410658313655
frame_01758,-0.07235894720234487
frame_01752,-0.07240287682043084
frame_00262,-0.0724286305641536
frame_00296,-0.07244279427091654
frame_01471,-0.0724469223243579
frame_00672,-0.07250106492652336
frame_01672,-0.07252959997873032
frame_01707,-0.07254545278182606
frame_01606,-0.07255183871354565
frame_00919,-0.07257017011999822
frame_00816,-0.07257527157658472
frame_01597,-0.07259411982154806
frame_01979,-0.0726347952370287
frame_01588,-0.07266013281945538
frame_01134,-0.07272195208508553
frame_00613,-0.07279464441788602
frame_01048,-0.07285179746220627
frame_00553,-0.07296235010674856
frame_02018,-0.07302323510232872
frame_00612,-0.07303760014482824
frame_01592,-0.07304530605576248
frame_01817,-0.0730505648937515
frame_01532,-0.0730783557526592
frame_00639,-0.073079309903608
frame_01684,-0.07308150521619539
frame_01109,-0.07310500338398268
frame_01619,-0.07311136770630061
frame_01539,-0.07312873643760387
frame_00498,-0.07314951060625452
frame_00542,-0.07319586155213414
frame_01698,-0.0732003623498782
frame_01098,-0.07323690782524311
frame_01756,-0.0733262076271588
frame_00824,-0.07334456500963676
frame_00908,-0.07338805668784437
frame_00656,-0.07346576240092784
frame_01466,-0.07347473712311625
frame_00637,-0.07347816499667009
frame_01594,-0.07348932632469979
frame_02043,-0.07353486705628859
frame_00662,-0.07354419632113435
frame_00972,-0.07354612448686881
frame_01590,-0.07355990343361613
frame_00678,-0.0735618457507668
frame_00554,-0.07357817254705346
frame_00743,-0.07359389815130846
frame_01637,-0.07361048463975861
frame_01787,-0.07364024745290321
frame_00779,-0.0736405379438822
frame_01477,-0.07365287082755478
frame_01113,-0.07365854868363725
frame_00116,-0.07367299344858835
frame_00808,-0.07367527346548586
frame_01949,-0.07372137198950407
frame_01760,-0.07378162134139982
frame_00891,-0.0737997959846236
frame_01800,-0.07380411452907853
frame_00571,-0.07383958081391906
frame_00574,-0.07385096744131286
frame_01632,-0.0738560667582206
frame_01791,-0.07387849072721564
frame_00496,-0.07390051027637051
frame_01582,-0.07399353183703505
frame_01544,-0.07400268243255109
frame_00636,-0.07404948377843812
frame_01623,-0.07406890291753565
frame_00854,-0.07415741237902018
frame_01662,-0.07420973652801477
frame_00944,-0.07422413547686729
frame_00264,-0.07428149449379018
frame_00424,-0.07429560152495296
frame_00638,-0.07430098014608227
frame_01794,-0.0743160097704722
frame_00291,-0.07432001987658654
frame_00121,-0.07433100716407431
frame_00265,-0.07438886270797879
frame_00493,-0.07441478218825526
frame_00819,-0.07444786181304847
frame_01783,-0.07448511842857458
frame_01049,-0.07451713367854051
frame_00948,-0.07452075016979404
frame_01522,-0.07458053001038994
frame_01654,-0.0746316819294659
frame_01607,-0.07464519537705572
frame_01704,-0.07464803979668727
frame_01018,-0.07466310038409901
frame_01770,-0.074682080710119
frame_00049,-0.07472901211961208
frame_01214,-0.07475627873068141
frame_01657,-0.07476798058032774
frame_00920,-0.07477170776198738
frame_01696,-0.0748004314497911
frame_01765,-0.07481251918264947
frame_00933,-0.07481580045771918
frame_00125,-0.07484061631246913
frame_00079,-0.07489651511149037
frame_00629,-0.07490872787985298
frame_01768,-0.07491344594879351
frame_00744,-0.07494673293051218
frame_01951,-0.07495118496115255
frame_01891,-0.0749516460982167
frame_00914,-0.0750094576158557
frame_01764,-0.07502469125285965
frame_01553,-0.0750422660106938
frame_00786,-0.07507156308452234
frame_01973,-0.07508820030603908
frame_00750,-0.07514174771049564
frame_00578,-0.07517120426628138
frame_01711,-0.0752461405069994
frame_00767,-0.07525291281994873
frame_01554,-0.07527555121956919
frame_00946,-0.07529100520683635
frame_00110,-0.07537134505379062
frame_00643,-0.07539430270366115
frame_00785,-0.07541054213661014
frame_00173,-0.07543283740796985
frame_01648,-0.07544504560523213
frame_00350,-0.07544997018762423
frame_01118,-0.07548291454241296
frame_02027,-0.07552830838682517
frame_01709,-0.07557767450673697
frame_01782,-0.07562503518832281
frame_01108,-0.07563960894049754
frame_01609,-0.07571408158631993
frame_00617,-0.07572560767019687
frame_00823,-0.07572590536915774
frame_00097,-0.07577708307420877
frame_00753,-0.07583912468882159
frame_00624,-0.07586003433714206
frame_01295,-0.07586095986437053
frame_00623,-0.07586847617923853
frame_01289,-0.07588859123376396
frame_00700,-0.07595774598582161
frame_01032,-0.07605777439991995
frame_00630,-0.07610389250564253
frame_01174,-0.0761597397297083
frame_02015,-0.07624447956793562
frame_00942,-0.07625558052888437
frame_00153,-0.07628243068029678
frame_01763,-0.07628383432502017
frame_01180,-0.07633049043321416
frame_01556,-0.07634580146464565
frame_01680,-0.07640924570581575
frame_00112,-0.07645293534520448
frame_00580,-0.07646822968188216
frame_01620,-0.07649276007768807
frame_00151,-0.07649951741571204
frame_01020,-0.0765006965807582
frame_00912,-0.07652761382136941
frame_01168,-0.07654324880882757
frame_00655,-0.07654790633010367
frame_01677,-0.0765566600174113
frame_00338,-0.07659389910610381
frame_00535,-0.0766057791060713
frame_01617,-0.07661560493098385
frame_00870,-0.07665076432781542
frame_00910,-0.07666108160697044
frame_01799,-0.07666655356382057
frame_00559,-0.07666805390397952
frame_00918,-0.07668094223993038
frame_00349,-0.07668944630432206
frame_00811,-0.07673921864594169
frame_00758,-0.07675005624853554
frame_01813,-0.07676969282845775
frame_01631,-0.07680515229764356
frame_01550,-0.07691322333733175
frame_01546,-0.07691794537089314
frame_01655,-0.07694993582387888
frame_01984,-0.07701591709418826
frame_01651,-0.07702976787854127
frame_01034,-0.07707271257165321
frame_01294,-0.07707551251968853
frame_02003,-0.07707667368064891
frame_01659,-0.07707856954673192
frame_00166,-0.07717109600147865
frame_01472,-0.07721701329888087
frame_01995,-0.07726608167985932
frame_00825,-0.0772899025702779
frame_00781,-0.0773184443857926
frame_00993,-0.07735043308856288
frame_00557,-0.0773561282129005
frame_01889,-0.07737733210027714
frame_00231,-0.0774059470481751
frame_01059,-0.07740833862635449
frame_00615,-0.07747542385854611
frame_00947,-0.07753758024719021
frame_00590,-0.07755916529081386
frame_01591,-0.07757182105605936
frame_00561,-0.07762519247336896
frame_00292,-0.07764192167343775
frame_00144,-0.07771210640045562
frame_01667,-0.07772931852864906
frame_01658,-0.07773039193978981
frame_01022,-0.07778508606367313
frame_01173,-0.07778707199633766
frame_00714,-0.07783942454597692
frame_00693,-0.07785328938928499
frame_00929,-0.07787415630255518
frame_01516,-0.07787599932420614
frame_00682,-0.07792019988011617
frame_01977,-0.07794246091394125
frame_01579,-0.07798328521880205
frame_00827,-0.0780037932797451
frame_00821,-0.0780107961525936
frame_01107,-0.07802896184041369
frame_00802,-0.0781302523433165
frame_00568,-0.07813442118986891
frame_00096,-0.07813504850935582
frame_01318,-0.07815541848915986
frame_00634,-0.07818377354142864
frame_00334,-0.0782007845254471
frame_00915,-0.07835062657911795
frame_01511,-0.07836866051245034
frame_00959,-0.07839288093867919
frame_01061,-0.07842237937394303
frame_00673,-0.07846023932469137
frame_00196,-0.078479286696019
frame_01892,-0.07850982602157086
frame_01941,-0.0785183843457159
frame_01568,-0.07855954124149223
frame_00839,-0.07858293661520904
frame_01019,-0.07859824650679514
frame_00859,-0.07863420454192599
frame_01476,-0.07864395465169527
frame_01901,-0.07864400059959159
frame_00805,-0.07865256604558912
frame_00761,-0.0786712484911542
frame_00183,-0.07867637950928452
frame_01987,-0.07870436572695799
frame_01902,-0.07871622540610718
frame_01689,-0.07872469832982554
frame_00293,-0.07874289151078823
frame_01561,-0.07878137155006038
frame_00754,-0.0787985904977897
frame_01499,-0.07882731186015618
frame_00205,-0.07886161763784383
frame_00122,-0.07890174925985982
frame_00148,-0.07892879523635543
frame_00777,-0.07894837501851493
frame_01051,-0.07895308852123117
frame_00357,-0.07896596857690835
frame_01598,-0.07900410618551496
frame_02031,-0.07906135976297807
frame_01147,-0.07911401143621682
frame_00872,-0.07912627852408372
frame_01058,-0.07914850398078671
frame_01957,-0.07917363877698275
frame_01604,-0.07918564532249672
frame_00286,-0.07921227215012538
frame_00913,-0.07923019887081345
frame_00932,-0.07924951191896301
frame_01842,-0.07925126479477046
frame_00695,-0.07929955241010311
frame_00806,-0.0793164507131997
frame_00491,-0.07932939218710494
frame_02013,-0.07933336792543078
frame_01692,-0.07939469454477682
frame_00812,-0.0794695814676209
frame_00181,-0.07948235559132294
frame_00228,-0.07949458580682478
frame_01897,-0.07951704422207817
frame_00759,-0.07954634092263696
frame_01944,-0.07961059671200399
frame_00266,-0.07961211061021284
frame_01258,-0.07961970204116492
frame_00600,-0.07962838573451902
frame_00940,-0.0796465380062073
frame_01552,-0.07964842892471125
frame_02012,-0.0796487476328312
frame_01636,-0.07970428969862187
frame_01581,-0.07973805970924996
frame_02011,-0.0797714584454563
frame_00715,-0.07979396264381844
frame_01844,-0.07996471894000706
frame_00339,-0.07997267209643238
frame_01660,-0.07998570472372302
frame_01601,-0.07998763459318897
frame_01103,-0.07999476447734855
frame_00916,-0.08000589248853796
frame_01560,-0.08000593026341024
frame_00114,-0.08002118526016244
frame_01467,-0.08002937116165715
frame_01565,-0.08003507753313055
frame_00803,-0.08007111593490907
frame_00820,-0.08008657095906996
frame_00276,-0.08008852312191261
frame_01952,-0.08009711298987698
frame_01719,-0.08011414101344749
frame_00841,-0.08017491957053868
frame_00143,-0.08021824399246369
frame_01021,-0.080281330476076
frame_00840,-0.08031737041330911
frame_00787,-0.08034184717967069
frame_01514,-0.0803454978969309
frame_00764,-0.0804101385403111
frame_00969,-0.0804265353202987
frame_00138,-0.08046450609799655
frame_01050,-0.08053892871899254
frame_00897,-0.08064609079128715
frame_00697,-0.08064925407036028
frame_00801,-0.0806954040231529
frame_00621,-0.08073455337581353
frame_01257,-0.08073833173904221
frame_01181,-0.08074443120335068
frame_00928,-0.08081073005958828
frame_01133,-0.08082889885678768
frame_00936,-0.080846171016068
frame_01105,-0.08085603166370686
frame_00822,-0.08088887781634752
frame_01975,-0.08098694760736352
frame_01608,-0.08102760082560151
frame_01645,-0.08109198092660352
frame_00142,-0.08110648981224106
frame_00738,-0.08115375308229594
frame_00099,-0.08125493462451949
frame_01148,-0.081294403704672
frame_00851,-0.08131066424334715
frame_01529,-0.08131862726404049
frame_00755,-0.08135361597313867
frame_00930,-0.08140796065623224
frame_01146,-0.08141471088475472
frame_00139,-0.08146201188814589
frame_00939,-0.0814702577366847
frame_01063,-0.0815073830003028
frame_01781,-0.08151524182658004
frame_00943,-0.0816205976402758
frame_00124,-0.08163040028238588
frame_00950,-0.08170520935610392
frame_00332,-0.08175097586815272
frame_00268,-0.08175557459878313
frame_00917,-0.08179367827592504
frame_00855,-0.08182041862303824
frame_00686,-0.08185724824373103
frame_00145,-0.08189693722937846
frame_00661,-0.08194145808635095
frame_00660,-0.08198844277220163
frame_00800,-0.0821450721205888
frame_00804,-0.08215320121061515
frame_00290,-0.08219867695386224
frame_00798,-0.0822231561334173
frame_00909,-0.08224135394930882
frame_00925,-0.08236138129765241
frame_00237,-0.08241729580502466
frame_00711,-0.08246727232641254
frame_01542,-0.08249120208468941
frame_01290,-0.08249976997405895
frame_00775,-0.08252145299281693
frame_01571,-0.08256664985531675
frame_00149,-0.08261404360854863
frame_01956,-0.08262301661490257
frame_01057,-0.08262585813529927
frame_00271,-0.08264595252876694
frame_01536,-0.08264983683991745
frame_01994,-0.08267223278828728
frame_00958,-0.0826791559195088
frame_00760,-0.08274416842560517
frame_01688,-0.08277859309464841
frame_01666,-0.08285161179786421
frame_00256,-0.08286026633816701
frame_01953,-0.08299231843682553
frame_00934,-0.0830008372806702
frame_00616,-0.08301866845121814
frame_01060,-0.08305233498278924
frame_01960,-0.0830671149982738
frame_02004,-0.08307517746035181
frame_00799,-0.08308015826180348
frame_01025,-0.08308552744449926
frame_01557,-0.08312912654684473
frame_01260,-0.08319702601059992
frame_00593,-0.08321312007134973
frame_00160,-0.08321950236465064
frame_01543,-0.0832410022517101
frame_00100,-0.08327076757209673
frame_00168,-0.08328536282617183
frame_00938,-0.08332393661827059
frame_01663,-0.08333216337756566
frame_00712,-0.08337489135987591
frame_00931,-0.08338989100521516
frame_00998,-0.08339288819944146
frame_01143,-0.08345775939981909
frame_01652,-0.08348536678207485
frame_01605,-0.08351049853411113
frame_00240,-0.08352678361226823
frame_01613,-0.08358639821584452
frame_00835,-0.08361204328790095
frame_01017,-0.08363830425017388
frame_01640,-0.08367697598259988
frame_00965,-0.08368661534404931
frame_00108,-0.08370220087449748
frame_00169,-0.08376178825922337
frame_00795,-0.08394507217408703
frame_00905,-0.08400011322187312
frame_01766,-0.08406317350824632
frame_01665,-0.08409543885995197
frame_01513,-0.08410324775231282
frame_00689,-0.0841174902977993
frame_01518,-0.08412273637949746
frame_00989,-0.08416648443688035
frame_01299,-0.08426656770832214
frame_01621,-0.08426662627674053
frame_01603,-0.08429540746164987
frame_01054,-0.0843261785760624
frame_00295,-0.08433686048564448
frame_00078,-0.08441411450664993
frame_01981,-0.08441935040994136
frame_01580,-0.08448988346874303
frame_00591,-0.08453617316536305
frame_00337,-0.08456367284041805
frame_00924,-0.08464506265116767
frame_00923,-0.08470477111350544
frame_01100,-0.08471787709533829
frame_00269,-0.08473305979228218
frame_00657,-0.08476117938997058
frame_00171,-0.0848368552296484
frame_01470,-0.08484561645873862
frame_00341,-0.0849086036124515
frame_00776,-0.08496234945688891
frame_00907,-0.08496267044231892
frame_01945,-0.08499131726789388
frame_00838,-0.08504029925705525
frame_00570,-0.08504353180666563
frame_01837,-0.08504372312553471
frame_01145,-0.08509563953357796
frame_01055,-0.08510389930811252
frame_01024,-0.08512750722913043
frame_01140,-0.08516382621341984
frame_00732,-0.08523962717186823
frame_01635,-0.08532477691904583
frame_00259,-0.08534981430923666
frame_00573,-0.08535766546083307
frame_01716,-0.08540107320029344
frame_01136,-0.08540847637996846
frame_00792,-0.08543713203470987
frame_00300,-0.08552673300816516
frame_00301,-0.08554677517675724
frame_00772,-0.08562685610160004
frame_01676,-0.08566669280693684
frame_00793,-0.08570227773758832
frame_00791,-0.0857487571414674
frame_00856,-0.08581637789209173
frame_00684,-0.08581658905714756
frame_00797,-0.08583088559952096
frame_00677,-0.0859274120666112
frame_00696,-0.08595346431386502
frame_01574,-0.08599652541796088
frame_00180,-0.08600121802524313
frame_00668,-0.08604202726773763
frame_01104,-0.08605374590829096
frame_01886,-0.08608044597388115
frame_01955,-0.08608431445554343
frame_00270,-0.08611199948773512
frame_02008,-0.08616988717756946
frame_00842,-0.08617770471176622
frame_00275,-0.0861825262713744
frame_00340,-0.08619796052251177
frame_01718,-0.0862361338158269
frame_00844,-0.0862490626395419
frame_01053,-0.0862591267648582
frame_00843,-0.08627343738457716
frame_01026,-0.08627939697712816
frame_01182,-0.08634138252560142
frame_01533,-0.08634619685008493
frame_01141,-0.08643064708609238
frame_01647,-0.08644664839724947
frame_01712,-0.0864671440159403
frame_01152,-0.08648170032284075
frame_00282,-0.08657152999386653
frame_01520,-0.08659807355012372
frame_00752,-0.0866186702695973
frame_00109,-0.08669142871267443
frame_01629,-0.08669534303134252
frame_00922,-0.08671949209537416
frame_00941,-0.08684380699577021
frame_00098,-0.08690088567433413
frame_01132,-0.08690689506034671
frame_01023,-0.08700187623411088
frame_01029,-0.08703118197150717
frame_01572,-0.08703526733671846
frame_01826,-0.08705462770949718
frame_01149,-0.08707087169893063
frame_01669,-0.08708325209284068
frame_01759,-0.08716001896626469
frame_00238,-0.08716877044433147
frame_00964,-0.08719884805475869
frame_00588,-0.08720995216375577
frame_00849,-0.08722326330386043
frame_00115,-0.08723291835983871
frame_00699,-0.08725115641156983
frame_00832,-0.08727857587523602
frame_00992,-0.08728291139460859
frame_01056,-0.0873937275940685
frame_00762,-0.08739510955819219
frame_00225,-0.08740103150289269
frame_00213,-0.08742470344215003
frame_01102,-0.0874379266146103
frame_00294,-0.08757498363761385
frame_00681,-0.08757786988374022
frame_01946,-0.08765273569811893
frame_01144,-0.08765574974876567
frame_00669,-0.08765747404911711
frame_01138,-0.08765904395822127
frame_00558,-0.0876804753210802
frame_01178,-0.08771552354016171
frame_00788,-0.08776633118482774
frame_00165,-0.08777668754681034
frame_00161,-0.08788425593893673
frame_00790,-0.08794727906750788
frame_01139,-0.0879919936918429
frame_00968,-0.08814022033903968
frame_00789,-0.08814573644187901
frame_00996,-0.08820471469119057
frame_00583,-0.08834235354919923
frame_00846,-0.0884553032350372
frame_00245,-0.08848277784656378
frame_00911,-0.08851839900834874
frame_01164,-0.08853224366394924
frame_00691,-0.08864743986461437
frame_01583,-0.08870639510723782
frame_00782,-0.08875828807431313
frame_00783,-0.08881577105195276
frame_01052,-0.08890089302978604
frame_00582,-0.08897236492582311
frame_00692,-0.08903329331840387
frame_00198,-0.089059517936805
frame_01151,-0.08908345337273699
frame_00694,-0.08912298171719069
frame_00927,-0.0892027731736626
frame_00796,-0.08930258120218126
frame_01983,-0.08939201695129345
frame_00945,-0.0893934526212532
frame_01888,-0.08945100239911552
frame_00188,-0.0895015279035194
frame_01537,-0.08951129148074238
frame_00784,-0.08958155046255317
frame_00156,-0.08965803139115103
frame_00769,-0.08968834969329303
frame_00794,-0.08978652068410309
frame_01142,-0.08978712551032764
frame_00239,-0.08982377548805043
frame_00106,-0.089850456111428
frame_00344,-0.08986224342805171
frame_00199,-0.08986511930436258
frame_01163,-0.0899177144181188
frame_00248,-0.08998632054269617
frame_00852,-0.09007144402552791
frame_00688,-0.09008407117217593
frame_00770,-0.09008693982067728
frame_00185,-0.09020054127233174
frame_00765,-0.09025150073608962
frame_01027,-0.09030914988949845
frame_01166,-0.09055577446526203
frame_01534,-0.09061126358740779
frame_00831,-0.09062535346645001
frame_01512,-0.09065097877818068
frame_00713,-0.09065410371336213
frame_01678,-0.0906640524042619
frame_00193,-0.0906720146471634
frame_00280,-0.09077466224171127
frame_00212,-0.09087380791691796
frame_00342,-0.09092893305744576
frame_01602,-0.09094270813763533
frame_00845,-0.0911171104116899
frame_00150,-0.09116188162219024
frame_00666,-0.09120096017936319
frame_00853,-0.09125783132535725
frame_01137,-0.09136891211392839
frame_00253,-0.0913848617959383
frame_00299,-0.09146269942491125
frame_00260,-0.0915280233146537
frame_01170,-0.09157795654752332
frame_00331,-0.09163325660774191
frame_01958,-0.09167324237979352
frame_01162,-0.09176784704426783
frame_01630,-0.09184187046137243
frame_01116,-0.09194315237839873
frame_00249,-0.0919594065275226
frame_01169,-0.09234511811539775
frame_00768,-0.09237129972897368
frame_01982,-0.09238708881184415
frame_00833,-0.09290043253709301
frame_00836,-0.09290731260042273
frame_00164,-0.09305249193750259
frame_00687,-0.09309891676073606
frame_00771,-0.0931614349915676
frame_01167,-0.09320636710581126
frame_01165,-0.09331071640493366
frame_00195,-0.09341544129708357
frame_00170,-0.0934479913620056
frame_01047,-0.09345259390527938
frame_00222,-0.09361202298880233
frame_00937,-0.09373119222044735
frame_00828,-0.09376650871400039
frame_01179,-0.09383941269923352
frame_01154,-0.0939063836564012
frame_00163,-0.09414808933495256
frame_01160,-0.09415033992505972
frame_00187,-0.09416593409744511
frame_00258,-0.09416653665317659
frame_00255,-0.09426313180551915
frame_00206,-0.09436156227573506
frame_00850,-0.09443861568854767
frame_01155,-0.0944626423507478
frame_01517,-0.09464713787363399
frame_00254,-0.09465755200979215
frame_00690,-0.09467153317217752
frame_00837,-0.09472782906842309
frame_00698,-0.094746161873207
frame_00202,-0.094847684288205
frame_00572,-0.09485073203978278
frame_00250,-0.09496686358045908
frame_01573,-0.09507799954843399
frame_00685,-0.09516290288009882
frame_00251,-0.09519019004756141
frame_00671,-0.09523157287803441
frame_01954,-0.09531956905105782
frame_00157,-0.09539599400810778
frame_01157,-0.09541397312705824
frame_00186,-0.09546400631002272
frame_01158,-0.09548310155302248
frame_00267,-0.09562894306373831
frame_00223,-0.09564746036979827
frame_00956,-0.09565029268506348
frame_01150,-0.09566166552303312
frame_00211,-0.09569587298505083
frame_00680,-0.09597649282703546
frame_00197,-0.09597691706477762
frame_00214,-0.09601021565821793
frame_00194,-0.09602237951315312
frame_00208,-0.09602751450992819
frame_00257,-0.09615515987139689
frame_00829,-0.09615895838210448
frame_00961,-0.09619157764330039
frame_00123,-0.09624767627980507
frame_00210,-0.09632725943073145
frame_00963,-0.09642204931086773
frame_01161,-0.09657518768147288
frame_00018,-0.09678488729547435
frame_01153,-0.09680987087149812
frame_01171,-0.09692120538143373
frame_00184,-0.09708625065167337
frame_00158,-0.09719772600625709
frame_00252,-0.09725426076266297
frame_00563,-0.09753241808413637
frame_00335,-0.09774427431904731
frame_00594,-0.0978086123032395
frame_00189,-0.09783894888397288
frame_01156,-0.09811225397264517
frame_00162,-0.0983246470414002
frame_00246,-0.0986272072616613
frame_00204,-0.09872518327413515
frame_00218,-0.09875219219564219
frame_01135,-0.09890470964972925
frame_00140,-0.09898893106000145
frame_00220,-0.09915305818509718
frame_00221,-0.09930103664423295
frame_00215,-0.09941012297806545
frame_00224,-0.09957830998437744
frame_00192,-0.09969607809558523
frame_00200,-0.0999556567510052
frame_00227,-0.10006304771100766
frame_00242,-0.10008884470572554
frame_00167,-0.10010290689974455
frame_00263,-0.10011551191186896
frame_00834,-0.10041623199874061
frame_00343,-0.10045935523024258
frame_00226,-0.10049934754643502
frame_00159,-0.10051064935821413
frame_00201,-0.10051609285862073
frame_01159,-0.10070401606421397
frame_01106,-0.10109092671482994
frame_00957,-0.10113421464625538
frame_00219,-0.1013278146318517
frame_00217,-0.1015466697307158
frame_00244,-0.10177986213489165
frame_00281,-0.10179418990491818
frame_00216,-0.10219520225218837
frame_00209,-0.10231180379574162
frame_00141,-0.1024218522304901
frame_00203,-0.103258514720103
frame_00336,-0.10329170690381395
frame_00191,-0.10359683236567385
frame_00207,-0.1037693066692853
frame_00190,-0.10486746432893751
frame_00243,-0.10751780237630609
frame_00234,-0.1104217949281639
